{"accuracy": [0.31727880239486694, 0.5055926442146301, 0.5776293873786926, 0.6237061619758606, 0.6511685848236084, 0.6904006600379944, 0.7297161817550659, 0.7521702647209167, 0.7792988419532776, 0.800000011920929, 0.810600996017456, 0.8261268734931946, 0.8313021659851074, 0.8428213596343994, 0.859098494052887, 0.8662771582603455, 0.8712019920349121, 0.8754590749740601, 0.8686143755912781, 0.88288813829422, 0.8952420949935913, 0.8913188576698303, 0.8923205137252808, 0.8911519050598145, 0.9005842804908752], "loss": [1.830552339553833, 1.4011229276657104, 1.2021836042404175, 1.078028678894043, 0.9935535192489624, 0.8890142440795898, 0.7950382232666016, 0.7078672647476196, 0.6452688574790955, 0.5869078040122986, 0.5596786737442017, 0.5241239070892334, 0.4835987985134125, 0.45993831753730774, 0.4140172600746155, 0.40235668420791626, 0.38352417945861816, 0.3735523223876953, 0.40028563141822815, 0.3558625876903534, 0.3293977379798889, 0.32047325372695923, 0.32469603419303894, 0.33113208413124084, 0.30870071053504944], "val_accuracy": [0.45575958490371704, 0.5679465532302856, 0.613021731376648, 0.6207011938095093, 0.6701168417930603, 0.6634390354156494, 0.7362270355224609, 0.7462437152862549, 0.7646076679229736, 0.7662771344184875, 0.8243739604949951, 0.8273789882659912, 0.8173622488975525, 0.8253756165504456, 0.816360592842102, 0.8183639645576477, 0.844073474407196, 0.7886477708816528, 0.849081814289093, 0.821368932723999, 0.8784641027450562, 0.8517529368400574, 0.872120201587677, 0.8567612767219543, 0.8524206876754761], "val_loss": [1.5189870595932007, 1.1976209878921509, 1.0973645448684692, 1.0691050291061401, 0.9543852210044861, 0.9477987289428711, 0.7941855192184448, 0.7115517258644104, 0.7016435861587524, 0.7165560722351074, 0.5761549472808838, 0.524287760257721, 0.5561475157737732, 0.5336857438087463, 0.5761049389839172, 0.5365161895751953, 0.50217205286026, 0.6845060586929321, 0.46557897329330444, 0.5249139666557312, 0.3990057408809662, 0.4700421988964081, 0.4464385509490967, 0.459440141916275, 0.48502659797668457]}